Metric,Score
Accuracy,99.53104786545926
Precision,99.95583038869258
Recall,98.77782627673504
F1-Score,99.36333699231614
